{
    "0": {
        "R": [
            [
                1.0,
                4.169678646803732e-08,
                4.3010686567868106e-08
            ],
            [
                -8.654785332851134e-09,
                1.0,
                -3.0601889022818796e-08
            ],
            [
                -2.139831423164651e-08,
                1.652956349573742e-08,
                0.9999999403953552
            ]
        ],
        "t": [
            0.25107337157040255,
            -0.1791773038643438,
            -0.7396126444994195
        ]
    },
    "1": {
        "R": [
            [
                0.6771896481513977,
                0.14504550397396088,
                0.7213709950447083
            ],
            [
                -0.21084612607955933,
                0.9775182604789734,
                0.0013837178703397512
            ],
            [
                -0.704952597618103,
                -0.15303531289100647,
                0.6925476789474487
            ]
        ],
        "t": [
            -0.6432922809911208,
            -0.006427208960839281,
            -0.3535642741661463
        ]
    },
    "2": {
        "R": [
            [
                0.964582622051239,
                0.1409340500831604,
                0.22297528386116028
            ],
            [
                -0.16767781972885132,
                0.9801419377326965,
                0.1058582291007042
            ],
            [
                -0.20362839102745056,
                -0.13949701189994812,
                0.9690593481063843
            ]
        ],
        "t": [
            -0.2777269540333516,
            -0.09641796276745074,
            -0.7298652250267921
        ]
    }
}