{
  "2": {
    "R": [
      [
        1.0,
        0.0,
        0.0
      ],
      [
        0.0,
        1.0,
        0.0
      ],
      [
        0.0,
        0.0,
        1.0
      ]
    ],
    "t": [
      -20.413510649207813,
      1.6438656876005506,
      1.0194980424543993
    ]
  },
  "3": {
    "R": [
      [
        -0.5290511846542358,
        -0.5592148900032043,
        0.6382660269737244
      ],
      [
        -0.38464707136154175,
        -0.5124110579490662,
        -0.7677769064903259
      ],
      [
        0.7564069628715515,
        -0.6517004370689392,
        0.05599135160446167
      ]
    ],
    "t": [
      -1.9072685925009127,
      1.3133572133511158,
      0.04165785176368344
    ]
  }
}